{"mae": 0.5949201720956866, "mse": 0.6372288767960591}