{"mae": 0.5949201720956755, "mse": 0.6372288767960554}
