{"mae": 0.5481421943233582, "mse": 0.5839594325981726}