{"mae": 0.9169292092556726, "mse": 1.3529415063591383}