{"mae": 0.548142194323358, "mse": 0.5839594325981735}